#"MS3 Format 0568.17 : MS3 pre-1.5.2 RC 15   20210119 15:02GMT (c) JSM/KC ********"						
"Capture Date: Fri Jul 30 21:06:50 CDT 2021"						
Time	SPK: Traction retard	VSS1	VSS2	VSS1 ms 1	VSS2 ms 1	TC slip * time
s	deg	MPH	MPH	ms-1	ms-1	
61.378	0.0	0.2	0.0	0.1	0.0	0.0
61.388	0.0	0.2	0.0	0.1	0.0	0.0
61.398	0.0	0.2	0.0	0.1	0.0	0.0
61.408	0.0	0.2	0.0	0.1	0.0	0.0
61.418	0.0	0.2	0.0	0.1	0.0	0.0
61.428	0.0	0.2	0.0	0.1	0.0	0.0
61.438	0.0	0.2	0.0	0.1	0.0	0.0
61.448	0.0	0.0	0.0	0.0	0.0	0.0
61.459	0.0	0.0	0.0	0.0	0.0	0.0
61.469	0.0	0.0	0.0	0.0	0.0	0.0
61.479	0.0	0.0	0.0	0.0	0.0	0.0
61.489	0.0	0.0	0.0	0.0	0.0	0.0
61.499	0.0	0.0	0.0	0.0	0.0	0.0
61.510	0.0	0.0	0.0	0.0	0.0	0.0
61.521	0.0	0.0	0.0	0.0	0.0	0.0
61.531	0.0	0.0	0.0	0.0	0.0	0.0
61.541	0.0	0.0	0.0	0.0	0.0	0.0
61.550	0.0	0.0	0.0	0.0	0.0	0.0
61.561	0.0	0.0	0.0	0.0	0.0	0.0
61.571	0.0	0.0	0.0	0.0	0.0	0.0
61.581	0.0	0.0	0.0	0.0	0.0	0.0
61.591	0.0	0.0	0.0	0.0	0.0	0.0
61.601	0.0	0.0	0.0	0.0	0.0	0.0
61.611	0.0	0.0	0.0	0.0	0.0	0.0
61.621	0.0	0.0	0.0	0.0	0.0	0.0
61.631	0.0	0.0	0.0	0.0	0.0	0.0
61.642	0.0	0.0	0.0	0.0	0.0	0.0
61.652	0.0	0.0	0.0	0.0	0.0	0.0
61.663	0.0	0.0	0.0	0.0	0.0	0.0
61.673	0.0	0.0	0.0	0.0	0.0	0.0
61.683	0.0	0.0	0.0	0.0	0.0	0.0
61.694	0.0	0.0	0.0	0.0	0.0	0.0
61.704	0.0	0.0	0.0	0.0	0.0	0.0
61.713	0.0	0.0	0.0	0.0	0.0	0.0
61.723	0.0	0.0	0.0	0.0	0.0	0.0
61.734	0.0	0.0	0.0	0.0	0.0	0.0
61.744	0.0	0.0	0.0	0.0	0.0	0.0
61.755	0.0	0.0	0.0	0.0	0.0	0.0
61.765	0.0	0.0	0.0	0.0	0.0	0.0
61.775	0.0	0.0	0.0	0.0	0.0	0.0
61.786	0.0	0.0	0.0	0.0	0.0	0.0
61.795	0.0	0.0	0.0	0.0	0.0	0.0
61.805	0.0	0.0	0.0	0.0	0.0	0.0
61.816	0.0	0.0	0.0	0.0	0.0	0.0
61.826	0.0	0.0	0.0	0.0	0.0	0.0
61.836	0.0	0.0	0.0	0.0	0.0	0.0
61.847	0.0	0.0	0.0	0.0	0.0	0.0
61.857	0.0	0.0	0.0	0.0	0.0	0.0
61.867	0.0	0.0	0.0	0.0	0.0	0.0
61.878	0.0	0.0	0.0	0.0	0.0	0.0
61.888	0.0	0.0	0.0	0.0	0.0	0.0
61.898	0.0	0.0	0.0	0.0	0.0	0.0
61.908	0.0	0.0	0.0	0.0	0.0	0.0
61.918	0.0	0.0	0.0	0.0	0.0	0.0
61.928	0.0	0.0	0.0	0.0	0.0	0.0
61.939	0.0	0.0	0.0	0.0	0.0	0.0
61.950	0.0	0.0	0.0	0.0	0.0	0.0
61.960	0.0	0.0	0.0	0.0	0.0	0.0
61.970	0.0	0.0	0.0	0.0	0.0	0.0
61.980	0.0	0.0	0.0	0.0	0.0	0.0
61.991	0.0	0.0	0.0	0.0	0.0	0.0
62.000	0.0	0.0	0.0	0.0	0.0	0.0
62.010	0.0	0.0	0.0	0.0	0.0	0.0
62.021	0.0	0.0	0.0	0.0	0.0	0.0
62.031	0.0	0.0	0.0	0.0	0.0	0.0
62.041	0.0	0.0	0.0	0.0	0.0	0.0
62.051	0.0	0.0	0.0	0.0	0.0	0.0
62.062	0.0	0.0	0.0	0.0	0.0	0.0
62.071	0.0	0.0	0.0	0.0	0.0	0.0
62.082	0.0	0.0	0.0	0.0	0.0	0.0
62.092	0.0	0.0	0.0	0.0	0.0	0.0
62.102	0.0	0.0	0.0	0.0	0.0	0.0
62.112	0.0	0.0	0.0	0.0	0.0	0.0
62.122	0.0	0.0	0.0	0.0	0.0	0.0
62.133	0.0	0.0	0.0	0.0	0.0	0.0
62.143	0.0	0.0	0.0	0.0	0.0	0.0
62.154	0.0	0.0	0.0	0.0	0.0	0.0
62.164	0.0	0.0	0.0	0.0	0.0	0.0
62.174	0.0	0.0	0.0	0.0	0.0	0.0
62.185	0.0	0.0	0.0	0.0	0.0	0.0
62.195	0.0	0.0	0.0	0.0	0.0	0.0
62.205	0.0	0.0	0.0	0.0	0.0	0.0
62.214	0.0	0.0	0.0	0.0	0.0	0.0
62.225	0.0	0.0	0.0	0.0	0.0	0.0
62.235	0.0	0.0	0.0	0.0	0.0	0.0
62.245	0.0	0.0	0.0	0.0	0.0	0.0
62.255	0.0	0.0	0.0	0.0	0.0	0.0
62.265	0.0	0.0	0.0	0.0	0.0	0.0
62.277	0.0	0.0	0.0	0.0	0.0	0.0
62.286	0.0	0.0	0.0	0.0	0.0	0.0
62.297	0.0	0.0	0.0	0.0	0.0	0.0
62.308	0.0	0.0	0.0	0.0	0.0	0.0
62.318	0.0	0.0	0.0	0.0	0.0	0.0
62.328	0.0	0.0	0.0	0.0	0.0	0.0
62.339	0.0	0.0	0.0	0.0	0.0	0.0
62.348	0.0	0.0	0.0	0.0	0.0	0.0
62.359	0.0	0.0	0.0	0.0	0.0	0.0
62.369	0.0	0.0	0.0	0.0	0.0	0.0
62.379	0.0	0.0	0.0	0.0	0.0	0.0
62.390	0.0	0.0	0.0	0.0	0.0	0.0
62.400	0.0	0.0	0.0	0.0	0.0	0.0
62.409	0.0	0.0	0.0	0.0	0.0	0.0
62.420	0.0	0.0	0.0	0.0	0.0	0.0
62.430	0.0	0.0	0.0	0.0	0.0	0.0
62.440	0.0	0.0	0.0	0.0	0.0	0.0
62.450	0.0	0.0	0.0	0.0	0.0	0.0
62.461	0.0	0.0	0.0	0.0	0.0	0.0
62.470	0.0	0.0	0.0	0.0	0.0	0.0
62.481	0.0	0.0	0.0	0.0	0.0	0.0
62.491	0.0	0.0	0.0	0.0	0.0	0.0
62.501	0.0	0.0	0.0	0.0	0.0	0.0
62.511	0.0	0.0	0.0	0.0	0.0	0.0
62.521	0.0	0.0	0.0	0.0	0.0	0.0
62.531	0.0	0.0	0.0	0.0	0.0	0.0
62.542	0.0	0.0	0.0	0.0	0.0	0.0
62.552	0.0	0.0	0.0	0.0	0.0	0.0
62.562	0.0	0.0	0.0	0.0	0.0	0.0
62.571	0.0	0.0	0.0	0.0	0.0	0.0
62.582	0.0	0.0	0.0	0.0	0.0	0.0
62.592	0.0	0.0	0.0	0.0	0.0	0.0
62.603	0.0	0.0	0.0	0.0	0.0	0.0
62.612	0.0	0.0	0.0	0.0	0.0	0.0
62.623	0.0	0.0	0.0	0.0	0.0	0.0
62.633	0.0	0.0	0.0	0.0	0.0	0.0
62.643	0.0	0.0	0.0	0.0	0.0	0.0
62.653	0.0	0.0	0.0	0.0	0.0	0.0
62.664	0.0	0.0	0.0	0.0	0.0	0.0
62.675	0.0	0.0	0.0	0.0	0.0	0.0
62.685	0.0	0.0	0.0	0.0	0.0	0.0
62.695	0.0	0.0	0.0	0.0	0.0	0.0
62.706	0.0	0.0	0.0	0.0	0.0	0.0
62.716	0.0	0.0	0.0	0.0	0.0	0.0
62.727	0.0	0.0	0.0	0.0	0.0	0.0
62.737	0.0	0.0	0.0	0.0	0.0	0.0
62.747	0.0	0.0	0.0	0.0	0.0	0.0
62.757	0.0	0.0	0.0	0.0	0.0	0.0
62.768	0.0	0.0	0.0	0.0	0.0	0.0
62.778	0.0	0.0	0.0	0.0	0.0	0.0
62.788	0.0	0.0	0.0	0.0	0.0	0.0
62.798	0.0	0.0	0.0	0.0	0.0	0.0
62.809	0.0	0.0	0.0	0.0	0.0	0.0
62.819	0.0	0.0	0.0	0.0	0.0	0.0
62.829	0.0	0.0	0.0	0.0	0.0	0.0
62.839	0.0	0.0	0.0	0.0	0.0	0.0
62.849	0.0	0.0	0.0	0.0	0.0	0.0
62.859	0.0	0.0	0.0	0.0	0.0	0.0
62.869	0.0	0.0	0.0	0.0	0.0	0.0
62.879	0.0	0.0	0.0	0.0	0.0	0.0
62.890	0.0	0.0	0.0	0.0	0.0	0.0
62.900	0.0	0.0	0.0	0.0	0.0	0.0
62.911	0.0	0.0	0.0	0.0	0.0	0.0
62.921	0.0	0.0	0.0	0.0	0.0	0.0
62.931	0.0	0.0	0.0	0.0	0.0	0.0
62.941	0.0	0.0	0.0	0.0	0.0	0.0
62.952	0.0	0.0	0.0	0.0	0.0	0.0
62.963	0.0	0.0	0.0	0.0	0.0	0.0
62.973	0.0	0.0	0.0	0.0	0.0	0.0
62.984	0.0	0.0	0.0	0.0	0.0	0.0
62.993	0.0	0.0	0.0	0.0	0.0	0.0
63.004	0.0	0.0	0.0	0.0	0.0	0.0
63.013	0.0	0.0	0.0	0.0	0.0	0.0
63.024	0.0	0.0	0.0	0.0	0.0	0.0
63.034	0.0	0.0	0.0	0.0	0.0	0.0
63.045	0.0	0.0	0.0	0.0	0.0	0.0
63.054	0.0	0.0	0.0	0.0	0.0	0.0
63.065	0.0	0.0	0.0	0.0	0.0	0.0
63.075	0.0	0.0	0.0	0.0	0.0	0.0
63.086	0.0	0.0	0.0	0.0	0.0	0.0
63.096	0.0	0.0	0.0	0.0	0.0	0.0
63.106	0.0	0.0	0.0	0.0	0.0	0.0
63.117	0.0	0.0	0.0	0.0	0.0	0.0
63.128	0.0	0.0	0.0	0.0	0.0	0.0
63.138	0.0	0.0	0.0	0.0	0.0	0.0
63.148	0.0	0.0	0.0	0.0	0.0	0.0
63.158	0.0	0.0	0.0	0.0	0.0	0.0
63.168	0.0	0.0	0.0	0.0	0.0	0.0
63.179	0.0	0.0	0.0	0.0	0.0	0.0
63.189	0.0	0.0	0.0	0.0	0.0	0.0
63.200	0.0	0.0	0.0	0.0	0.0	0.0
63.210	0.0	0.0	0.0	0.0	0.0	0.0
63.219	0.0	0.0	0.0	0.0	0.0	0.0
63.230	0.0	0.0	0.0	0.0	0.0	0.0
63.241	0.0	0.0	0.0	0.0	0.0	0.0
63.250	0.0	0.0	0.0	0.0	0.0	0.0
63.261	0.0	0.0	0.0	0.0	0.0	0.0
63.272	0.0	0.0	0.0	0.0	0.0	0.0
63.281	0.0	0.0	0.0	0.0	0.0	0.0
63.291	0.0	0.0	0.0	0.0	0.0	0.0
63.302	0.0	0.0	0.0	0.0	0.0	0.0
63.312	0.0	0.0	0.0	0.0	0.0	0.0
63.323	0.0	0.0	0.0	0.0	0.0	0.0
63.333	0.0	0.0	0.0	0.0	0.0	0.0
63.344	0.0	0.0	0.0	0.0	0.0	0.0
63.354	0.0	0.0	0.0	0.0	0.0	0.0
63.363	0.0	0.0	0.0	0.0	0.0	0.0
63.374	0.0	0.0	0.0	0.0	0.0	0.0
63.384	0.0	0.0	0.0	0.0	0.0	0.0
63.394	0.0	0.0	0.0	0.0	0.0	0.0
63.405	0.0	0.0	0.0	0.0	0.0	0.0
63.415	0.0	0.0	0.0	0.0	0.0	0.0
63.425	0.0	0.0	0.0	0.0	0.0	0.0
63.435	0.0	0.0	0.0	0.0	0.0	0.0
63.445	0.0	0.0	0.0	0.0	0.0	0.0
63.455	0.0	0.0	0.0	0.0	0.0	0.0
63.464	0.0	0.0	0.0	0.0	0.0	0.0
63.475	0.0	0.0	0.0	0.0	0.0	0.0
63.486	0.0	0.0	0.0	0.0	0.0	0.0
63.496	0.0	0.0	0.0	0.0	0.0	0.0
63.505	0.0	0.0	0.0	0.0	0.0	0.0
63.517	0.0	0.0	0.0	0.0	0.0	0.0
63.527	0.0	0.0	0.0	0.0	0.0	0.0
63.538	0.0	0.0	0.0	0.0	0.0	0.0
63.548	0.0	0.0	0.0	0.0	0.0	0.0
63.558	0.0	0.0	0.0	0.0	0.0	0.0
63.569	0.0	0.0	0.0	0.0	0.0	0.0
63.580	0.0	0.0	0.0	0.0	0.0	0.0
63.590	0.0	0.0	0.0	0.0	0.0	0.0
63.600	0.0	0.0	0.0	0.0	0.0	0.0
63.610	0.0	0.0	0.0	0.0	0.0	0.0
63.620	0.0	0.0	0.0	0.0	0.0	0.0
63.630	0.0	0.0	0.0	0.0	0.0	0.0
63.641	0.0	0.0	0.0	0.0	0.0	0.0
63.650	0.0	0.0	0.0	0.0	0.0	0.0
63.661	0.0	0.0	0.0	0.0	0.0	0.0
63.672	0.0	0.0	0.0	0.0	0.0	0.0
63.682	0.0	0.0	0.0	0.0	0.0	0.0
63.693	0.0	0.0	0.0	0.0	0.0	0.0
63.703	0.0	0.0	0.0	0.0	0.0	0.0
63.714	0.0	0.0	0.0	0.0	0.0	0.0
63.723	0.0	0.0	0.0	0.0	0.0	0.0
63.735	0.0	0.0	0.0	0.0	0.0	0.0
63.745	0.0	0.0	0.0	0.0	0.0	0.0
63.755	0.0	0.0	0.0	0.0	0.0	0.0
63.766	0.0	0.0	0.0	0.0	0.0	0.0
63.776	0.0	0.0	0.0	0.0	0.0	0.0
63.786	0.0	0.0	0.0	0.0	0.0	0.0
63.796	0.0	0.0	0.0	0.0	0.0	0.0
63.807	0.0	0.0	0.0	0.0	0.0	0.0
63.817	0.0	0.0	0.0	0.0	0.0	0.0
63.827	0.0	0.0	0.0	0.0	0.0	0.0
63.836	0.0	0.0	0.0	0.0	0.0	0.0
63.847	0.0	0.0	0.0	0.0	0.0	0.0
63.857	0.0	0.0	0.0	0.0	0.0	0.0
63.868	0.0	0.0	0.0	0.0	0.0	0.0
63.878	0.0	0.0	0.0	0.0	0.0	0.0
63.890	0.0	0.0	0.0	0.0	0.0	0.0
63.900	0.0	0.0	0.0	0.0	0.0	0.0
63.910	0.0	0.0	0.0	0.0	0.0	0.0
63.920	0.0	0.0	0.0	0.0	0.0	0.0
63.929	0.0	0.0	0.0	0.0	0.0	0.0
63.942	0.0	0.0	0.0	0.0	0.0	0.0
63.952	0.0	0.0	0.0	0.0	0.0	0.0
63.962	0.0	0.0	0.0	0.0	0.0	0.0
63.972	0.0	0.0	0.0	0.0	0.0	0.0
63.983	0.0	0.0	0.0	0.0	0.0	0.0
63.992	0.0	0.0	0.0	0.0	0.0	0.0
64.003	0.0	0.0	0.0	0.0	0.0	0.0
64.013	0.0	0.0	0.0	0.0	0.0	0.0
64.023	0.0	0.0	0.0	0.0	0.0	0.0
64.034	0.0	0.0	0.0	0.0	0.0	0.0
64.044	0.0	0.0	0.0	0.0	0.0	0.0
64.054	0.0	0.0	0.0	0.0	0.0	0.0
64.066	0.0	0.0	0.0	0.0	0.0	0.0
64.076	0.0	0.0	0.0	0.0	0.0	0.0
64.085	0.0	0.0	0.0	0.0	0.0	0.0
64.095	0.0	0.0	0.0	0.0	0.0	0.0
64.107	0.0	0.0	0.0	0.0	0.0	0.0
64.118	0.0	0.0	0.0	0.0	0.0	0.0
64.128	0.0	0.0	0.0	0.0	0.0	0.0
64.139	0.0	0.0	0.0	0.0	0.0	0.0
64.150	0.0	0.0	0.0	0.0	0.0	0.0
64.161	0.0	0.0	0.0	0.0	0.0	0.0
64.172	0.0	0.0	0.0	0.0	0.0	0.0
64.182	0.0	0.0	0.0	0.0	0.0	0.0
64.193	0.0	0.0	0.0	0.0	0.0	0.0
64.204	0.0	0.0	0.0	0.0	0.0	0.0
64.215	0.0	0.0	0.0	0.0	0.0	0.0
64.225	0.0	0.0	0.0	0.0	0.0	0.0
64.236	0.0	0.0	0.0	0.0	0.0	0.0
64.246	0.0	0.0	0.0	0.0	0.0	0.0
64.256	0.0	0.0	0.0	0.0	0.0	0.0
64.266	0.0	0.0	0.0	0.0	0.0	0.0
64.279	0.0	0.0	0.0	0.0	0.0	0.0
64.289	0.0	0.0	0.0	0.0	0.0	0.0
64.300	0.0	0.0	0.0	0.0	0.0	0.0
64.308	0.0	0.0	0.0	0.0	0.0	0.0
64.319	0.0	0.0	0.0	0.0	0.0	0.0
64.329	0.0	0.0	0.0	0.0	0.0	0.0
64.340	0.0	0.0	0.0	0.0	0.0	0.0
64.351	0.0	0.0	0.0	0.0	0.0	0.0
64.360	0.0	0.0	0.0	0.0	0.0	0.0
64.371	0.0	0.0	0.0	0.0	0.0	0.0
64.382	0.0	0.0	0.0	0.0	0.0	0.0
64.391	0.0	0.0	0.0	0.0	0.0	0.0
64.402	0.0	0.0	0.0	0.0	0.0	0.0
64.412	0.0	0.0	0.0	0.0	0.0	0.0
64.422	0.0	0.0	0.0	0.0	0.0	0.0
64.433	0.0	0.0	0.0	0.0	0.0	0.0
64.443	0.0	0.0	0.0	0.0	0.0	0.0
64.454	0.0	0.0	0.0	0.0	0.0	0.0
64.464	0.0	0.0	0.0	0.0	0.0	0.0
64.475	0.0	0.0	0.0	0.0	0.0	0.0
64.484	0.0	0.0	0.0	0.0	0.0	0.0
64.495	0.0	0.0	0.0	0.0	0.0	0.0
64.506	0.0	0.0	0.0	0.0	0.0	0.0
64.517	0.0	0.0	0.0	0.0	0.0	0.0
64.527	0.0	0.0	0.0	0.0	0.0	0.0
64.537	0.0	0.0	0.0	0.0	0.0	0.0
64.547	0.0	0.0	0.0	0.0	0.0	0.0
64.558	0.0	0.0	0.0	0.0	0.0	0.0
64.569	0.0	0.0	0.0	0.0	0.0	0.0
64.578	0.0	0.0	0.0	0.0	0.0	0.0
64.589	0.0	0.0	0.0	0.0	0.0	0.0
64.600	0.0	0.0	0.0	0.0	0.0	0.0
64.609	0.0	0.0	0.0	0.0	0.0	0.0
64.620	0.0	0.0	0.0	0.0	0.0	0.0
64.631	0.0	0.0	0.0	0.0	0.0	0.0
64.641	0.0	0.0	0.0	0.0	0.0	0.0
64.652	0.0	0.0	0.0	0.0	0.0	0.0
64.663	0.0	0.0	0.0	0.0	0.0	0.0
64.673	0.0	0.0	0.0	0.0	0.0	0.0
64.684	0.0	0.0	0.0	0.0	0.0	0.0
64.694	0.0	0.0	0.0	0.0	0.0	0.0
64.703	0.0	0.0	0.0	0.0	0.0	0.0
64.713	0.0	0.0	0.0	0.0	0.0	0.0
64.724	0.0	0.0	0.0	0.0	0.0	0.0
64.735	0.0	0.0	34.2	0.0	15.3	0.0
64.746	0.0	0.0	34.2	0.0	15.3	0.0
64.756	0.0	0.0	34.2	0.0	15.3	0.0
64.767	0.0	0.0	34.2	0.0	15.3	0.0
64.777	0.0	0.0	30.0	0.0	13.4	0.0
64.787	0.0	0.0	30.0	0.0	13.4	0.0
64.798	0.0	0.0	49.4	0.0	22.1	0.0
64.808	0.0	0.0	86.6	0.0	38.7	0.0
64.819	0.0	0.0	86.6	0.0	38.7	0.0
64.829	0.0	0.0	86.6	0.0	38.7	0.0
64.840	0.0	0.0	44.1	0.0	19.7	0.0
64.851	0.0	0.0	44.1	0.0	19.7	0.0
64.862	0.0	0.0	91.5	0.0	40.9	0.0
64.871	0.0	0.0	91.5	0.0	40.9	0.0
64.882	0.0	0.0	51.0	0.0	22.8	0.0
64.893	0.0	0.0	51.0	0.0	22.8	0.0
64.903	0.0	0.0	96.9	0.0	43.3	0.0
64.914	0.0	0.0	96.9	0.0	43.3	0.0
64.925	0.0	0.0	106.3	0.0	47.5	0.0
64.934	0.0	0.0	106.3	0.0	47.5	0.0
64.945	0.0	0.0	55.0	0.0	24.6	0.0
64.956	0.0	0.0	55.0	0.0	24.6	0.0
64.966	0.0	0.0	55.0	0.0	24.6	0.0
64.976	0.0	0.0	55.0	0.0	24.6	0.0
64.986	0.0	0.0	46.8	0.0	20.9	0.0
64.995	0.0	0.0	46.8	0.0	20.9	0.0
65.006	0.0	0.0	55.5	0.0	24.8	0.0
65.017	0.0	0.0	55.5	0.0	24.8	0.0
65.028	0.0	0.0	55.5	0.0	24.8	0.0
65.038	0.0	0.0	55.5	0.0	24.8	0.0
65.049	0.0	0.0	47.6	0.0	21.3	0.0
65.060	0.0	0.0	47.6	0.0	21.3	0.0
65.071	0.0	0.0	51.0	0.0	22.8	0.0
65.080	0.0	0.0	51.0	0.0	22.8	0.0
65.091	0.0	0.0	51.0	0.0	22.8	0.0
65.102	0.0	0.0	51.0	0.0	22.8	0.0
65.112	0.0	0.0	30.2	0.0	13.5	0.0
65.122	0.0	0.2	30.2	0.1	13.5	0.0
65.133	0.0	0.2	47.6	0.1	21.3	0.0
65.144	0.0	0.2	47.6	0.1	21.3	0.0
65.154	0.0	0.2	41.4	0.1	18.5	0.0
65.165	0.0	0.2	41.4	0.1	18.5	0.0
65.175	0.0	0.2	93.1	0.1	41.6	0.0
65.185	0.0	0.2	93.1	0.1	41.6	0.0
65.196	0.0	0.2	93.1	0.1	41.6	0.0
65.207	0.0	0.2	93.1	0.1	41.6	0.0
65.217	0.0	0.2	93.1	0.1	41.6	0.0
65.227	0.0	0.2	93.1	0.1	41.6	0.0
65.238	0.0	0.2	93.1	0.1	41.6	0.0
65.248	0.0	0.2	93.1	0.1	41.6	0.0
65.259	0.0	0.2	93.1	0.1	41.6	0.0
65.269	0.0	0.2	93.1	0.1	41.6	0.0
65.280	0.0	0.2	93.1	0.1	41.6	0.0
65.289	0.0	0.2	93.1	0.1	41.6	0.0
65.299	0.0	0.2	93.1	0.1	41.6	0.0
65.310	0.0	0.2	93.1	0.1	41.6	0.0
65.320	0.0	0.2	93.1	0.1	41.6	0.0
65.331	0.0	0.2	93.1	0.1	41.6	0.0
65.342	0.0	0.2	93.1	0.1	41.6	0.0
65.352	0.0	0.2	93.1	0.1	41.6	0.0
65.363	0.0	0.2	93.1	0.1	41.6	0.0
65.373	0.0	0.2	93.1	0.1	41.6	0.0
65.384	0.0	0.2	93.1	0.1	41.6	0.0
65.393	0.0	0.2	93.1	0.1	41.6	0.0
65.404	0.0	0.2	93.1	0.1	41.6	0.0
65.413	0.0	0.2	93.1	0.1	41.6	0.0
65.424	0.0	0.2	93.1	0.1	41.6	0.0
65.435	0.0	0.2	93.1	0.1	41.6	0.0
65.446	0.0	0.2	93.1	0.1	41.6	0.0
65.457	0.0	0.2	93.1	0.1	41.6	0.0
65.467	0.0	0.2	93.1	0.1	41.6	0.0
65.478	0.0	0.2	93.1	0.1	41.6	0.0
65.489	0.0	0.2	93.1	0.1	41.6	0.0
65.499	0.0	0.2	93.1	0.1	41.6	0.0
65.510	0.0	0.2	93.1	0.1	41.6	0.0
65.522	0.0	0.2	93.1	0.1	41.6	0.0
65.532	0.0	0.2	93.1	0.1	41.6	0.0
65.542	0.0	0.2	93.1	0.1	41.6	0.0
65.552	0.0	0.2	93.1	0.1	41.6	0.0
65.562	0.0	0.2	93.1	0.1	41.6	0.0
65.572	0.0	0.2	93.1	0.1	41.6	0.0
65.582	0.0	0.2	93.1	0.1	41.6	0.0
65.593	0.0	0.2	93.1	0.1	41.6	0.0
65.604	0.0	0.2	93.1	0.1	41.6	0.0
65.614	0.0	0.2	93.1	0.1	41.6	0.0
65.624	0.0	0.2	93.1	0.1	41.6	0.0
65.634	0.0	0.2	93.1	0.1	41.6	0.0
65.645	0.0	0.2	93.1	0.1	41.6	0.0
65.655	0.0	0.2	93.1	0.1	41.6	0.0
65.665	0.0	0.2	93.1	0.1	41.6	0.0
65.677	0.0	0.2	93.1	0.1	41.6	0.0
65.687	0.0	0.2	93.1	0.1	41.6	0.0
65.698	0.0	0.2	93.1	0.1	41.6	0.0
65.708	0.0	0.2	93.1	0.1	41.6	0.0
65.718	0.0	0.2	93.1	0.1	41.6	0.0
65.728	0.0	0.2	93.1	0.1	41.6	0.0
65.740	0.0	0.2	24.6	0.1	11.0	0.0
65.750	0.0	0.2	24.6	0.1	11.0	0.0
65.760	0.0	0.2	24.6	0.1	11.0	0.0
65.771	0.0	0.2	24.6	0.1	11.0	0.0
65.782	0.0	0.2	24.6	0.1	11.0	0.0
65.792	0.0	0.2	24.6	0.1	11.0	0.0
65.802	0.0	0.2	24.6	0.1	11.0	0.0
65.813	0.0	0.2	24.6	0.1	11.0	0.0
65.824	0.0	0.2	24.6	0.1	11.0	0.0
65.835	0.0	0.2	24.6	0.1	11.0	0.0
65.846	0.0	0.0	24.6	0.0	11.0	0.0
65.857	0.0	0.0	24.6	0.0	11.0	0.0
65.867	0.0	0.0	24.6	0.0	11.0	0.0
65.878	0.0	0.0	24.6	0.0	11.0	0.0
65.889	0.0	0.0	24.6	0.0	11.0	0.0
65.898	0.0	1.3	24.6	0.6	11.0	0.0
65.909	0.0	1.3	24.6	0.6	11.0	0.0
65.919	0.0	1.3	24.6	0.6	11.0	0.0
65.930	0.0	1.3	24.6	0.6	11.0	0.0
65.940	0.0	1.3	24.6	0.6	11.0	0.0
65.951	0.0	1.3	24.6	0.6	11.0	0.0
65.961	0.0	1.3	24.6	0.6	11.0	0.0
65.971	0.0	1.3	24.6	0.6	11.0	0.0
65.981	0.0	1.3	24.6	0.6	11.0	0.0
65.992	0.0	1.3	24.6	0.6	11.0	0.0
66.002	0.0	1.3	24.6	0.6	11.0	0.0
66.012	0.0	1.3	24.6	0.6	11.0	0.0
66.022	0.0	1.3	24.6	0.6	11.0	0.0
66.033	0.0	1.3	24.6	0.6	11.0	0.0
66.043	0.0	1.3	24.6	0.6	11.0	0.0
66.054	0.0	1.3	24.6	0.6	11.0	0.0
66.065	0.0	1.3	24.6	0.6	11.0	0.0
66.075	0.0	1.3	24.6	0.6	11.0	0.0
66.086	0.0	1.3	24.6	0.6	11.0	0.0
66.095	0.0	1.3	24.6	0.6	11.0	0.0
66.106	0.0	1.3	24.6	0.6	11.0	0.0
66.116	0.0	1.3	24.6	0.6	11.0	0.0
66.127	0.0	1.3	24.6	0.6	11.0	0.0
66.138	0.0	1.3	24.6	0.6	11.0	0.0
66.149	0.0	1.3	24.6	0.6	11.0	0.0
66.160	0.0	1.3	24.6	0.6	11.0	0.0
66.169	0.0	1.3	24.6	0.6	11.0	0.0
66.180	0.0	1.3	24.6	0.6	11.0	0.0
66.190	0.0	1.3	24.6	0.6	11.0	0.0
66.201	0.0	1.3	24.6	0.6	11.0	0.0
66.211	0.0	1.3	24.6	0.6	11.0	0.0
66.221	0.0	1.3	24.6	0.6	11.0	0.0
66.231	0.0	1.3	24.6	0.6	11.0	0.0
66.242	0.0	1.3	24.6	0.6	11.0	0.0
66.252	0.0	1.3	24.6	0.6	11.0	0.0
66.263	0.0	1.3	24.6	0.6	11.0	0.0
66.274	0.0	1.3	24.6	0.6	11.0	0.0
66.285	0.0	1.3	24.6	0.6	11.0	0.0
66.296	0.0	1.3	24.6	0.6	11.0	0.0
66.305	0.0	1.3	24.6	0.6	11.0	0.0
66.316	0.0	1.3	24.6	0.6	11.0	0.0
66.325	0.0	1.3	24.6	0.6	11.0	0.0
66.336	0.0	1.3	24.6	0.6	11.0	0.0
66.347	0.0	1.3	24.6	0.6	11.0	0.0
66.358	0.0	1.3	24.6	0.6	11.0	0.0
66.369	0.0	1.3	24.6	0.6	11.0	0.0
66.379	0.0	1.3	24.6	0.6	11.0	0.0
66.390	0.0	1.3	24.6	0.6	11.0	0.0
66.400	0.0	1.3	24.6	0.6	11.0	0.0
66.410	0.0	1.3	24.6	0.6	11.0	0.0
66.421	0.0	1.3	24.6	0.6	11.0	0.0
66.432	0.0	1.3	24.6	0.6	11.0	0.0
66.443	0.0	1.3	24.6	0.6	11.0	0.0
66.454	0.0	1.3	24.6	0.6	11.0	0.0
66.464	0.0	1.3	24.6	0.6	11.0	0.0
66.473	0.0	1.3	24.6	0.6	11.0	0.0
66.483	0.0	0.0	24.6	0.0	11.0	0.0
66.494	0.0	0.0	24.6	0.0	11.0	0.0
66.505	0.0	0.0	24.6	0.0	11.0	0.0
66.516	0.0	0.0	24.6	0.0	11.0	0.0
66.527	0.0	0.0	24.6	0.0	11.0	0.0
66.538	0.0	0.0	24.6	0.0	11.0	0.0
66.549	0.0	0.0	24.6	0.0	11.0	0.0
66.559	0.0	0.0	24.6	0.0	11.0	0.0
66.569	0.0	0.0	24.6	0.0	11.0	0.0
66.580	0.0	0.0	24.6	0.0	11.0	0.0
66.590	0.0	0.0	24.6	0.0	11.0	0.0
66.601	0.0	0.0	24.6	0.0	11.0	0.0
66.611	0.0	0.0	24.6	0.0	11.0	0.0
66.621	0.0	0.0	24.6	0.0	11.0	0.0
66.631	0.0	0.0	24.6	0.0	11.0	0.0
66.641	0.0	0.0	24.6	0.0	11.0	0.0
66.651	0.0	0.0	24.6	0.0	11.0	0.0
66.661	0.0	0.0	24.6	0.0	11.0	0.0
66.671	0.0	0.0	0.0	0.0	0.0	0.0
66.681	0.0	0.0	0.0	0.0	0.0	0.0
66.692	0.0	0.0	0.0	0.0	0.0	0.0
66.702	0.0	0.0	0.0	0.0	0.0	0.0
66.713	0.0	0.0	0.0	0.0	0.0	0.0
66.723	0.0	0.0	0.0	0.0	0.0	0.0
66.733	0.0	0.0	0.0	0.0	0.0	0.0
66.744	0.0	0.0	0.0	0.0	0.0	0.0
66.755	0.0	0.0	0.0	0.0	0.0	0.0
66.766	0.0	0.0	0.0	0.0	0.0	0.0
66.776	0.0	0.0	0.0	0.0	0.0	0.0
66.787	0.0	0.0	0.0	0.0	0.0	0.0
66.796	0.0	0.0	0.0	0.0	0.0	0.0
66.807	0.0	0.0	0.0	0.0	0.0	0.0
66.817	0.0	0.0	0.0	0.0	0.0	0.0
66.828	0.0	0.0	0.0	0.0	0.0	0.0
66.838	0.0	0.0	0.0	0.0	0.0	0.0
66.848	0.0	0.0	0.0	0.0	0.0	0.0
66.859	0.0	0.0	0.0	0.0	0.0	0.0
66.870	0.0	0.0	0.0	0.0	0.0	0.0
66.880	0.0	0.0	0.0	0.0	0.0	0.0
66.889	0.0	0.0	0.0	0.0	0.0	0.0
66.900	0.0	0.0	0.0	0.0	0.0	0.0
66.911	0.0	0.0	0.0	0.0	0.0	0.0
66.920	0.0	0.0	0.0	0.0	0.0	0.0
66.931	0.0	0.0	0.0	0.0	0.0	0.0
66.941	0.0	0.0	0.0	0.0	0.0	0.0
66.952	0.0	0.0	0.0	0.0	0.0	0.0
66.962	0.0	0.0	0.0	0.0	0.0	0.0
66.973	0.0	0.0	0.0	0.0	0.0	0.0
66.984	0.0	0.0	0.0	0.0	0.0	0.0
66.994	0.0	0.0	0.0	0.0	0.0	0.0
67.005	0.0	0.0	0.0	0.0	0.0	0.0
67.014	0.0	0.0	0.0	0.0	0.0	0.0
67.024	0.0	0.0	0.0	0.0	0.0	0.0
67.035	0.0	0.0	0.0	0.0	0.0	0.0
67.046	0.0	0.0	0.0	0.0	0.0	0.0
67.057	0.0	0.0	0.0	0.0	0.0	0.0
67.067	0.0	0.0	0.0	0.0	0.0	0.0
67.078	0.0	0.0	0.0	0.0	0.0	0.0
67.088	0.0	0.0	0.0	0.0	0.0	0.0
67.099	0.0	0.0	0.0	0.0	0.0	0.0
67.109	0.0	4.7	0.0	2.1	0.0	0.0
67.118	0.0	4.7	0.0	2.1	0.0	0.0
67.128	0.0	4.7	0.0	2.1	0.0	0.0
67.139	0.0	4.7	0.0	2.1	0.0	0.0
67.150	0.0	2.0	0.0	0.9	0.0	0.0
67.162	0.0	2.0	0.0	0.9	0.0	0.0
67.171	0.0	4.3	0.0	1.9	0.0	0.0
67.181	0.0	4.3	0.0	1.9	0.0	0.0
67.192	0.0	3.6	0.0	1.6	0.0	0.0
67.203	0.0	3.6	0.0	1.6	0.0	0.0
67.213	0.0	3.6	0.0	1.6	0.0	0.0
67.224	0.0	3.6	0.0	1.6	0.0	0.0
67.234	0.0	4.9	0.0	2.2	0.0	0.0
67.245	0.0	4.9	0.0	2.2	0.0	0.0
67.253	0.0	4.9	0.0	2.2	0.0	0.0
67.265	0.0	5.1	0.0	2.3	0.0	0.0
67.276	0.0	5.6	0.0	2.5	0.0	0.0
67.287	0.0	6.5	0.0	2.9	0.0	0.0
67.298	0.0	6.9	0.0	3.1	0.0	0.0
67.307	0.0	7.2	0.0	3.2	0.0	0.0
67.318	0.0	7.6	0.0	3.4	0.0	0.0
67.329	0.0	7.6	0.0	3.4	0.0	0.0
67.341	0.0	8.5	0.0	3.8	0.0	0.0
67.350	0.0	9.8	0.0	4.4	0.0	0.0
67.361	0.0	9.8	0.0	4.4	0.0	0.0
67.372	0.0	11.2	0.0	5.0	0.0	0.0
67.381	0.0	13.6	0.0	6.1	0.0	0.0
67.391	0.0	14.5	0.0	6.5	0.0	0.0
67.402	0.0	17.2	0.0	7.7	0.0	0.0
67.413	0.0	20.8	0.0	9.3	0.0	0.0
67.423	0.0	23.3	0.0	10.4	0.0	0.0
67.434	0.0	24.4	0.0	10.9	0.0	0.0
67.445	0.0	24.4	0.0	10.9	0.0	0.0
67.454	0.0	27.5	0.0	12.3	0.0	0.0
67.465	0.0	29.1	0.0	13.0	0.0	0.0
67.476	0.0	30.0	0.0	13.4	0.0	0.0
67.486	0.0	31.5	0.0	14.1	0.0	0.0
67.498	0.0	32.4	0.0	14.5	0.0	0.0
67.508	0.0	32.4	10.1	14.5	4.5	0.0
67.519	0.0	33.3	10.1	14.9	4.5	0.0
67.530	0.0	35.1	10.1	15.7	4.5	0.0
67.540	0.0	36.0	10.1	16.1	4.5	0.0
67.550	0.0	37.1	10.1	16.6	4.5	0.0
67.559	0.0	37.6	10.1	16.8	4.5	0.0
67.570	0.0	38.7	13.6	17.3	6.1	0.0
67.581	0.0	38.5	13.6	17.2	6.1	0.0
67.591	0.0	38.5	13.6	17.2	6.1	0.0
67.600	0.0	38.0	13.6	17.0	6.1	0.0
67.610	0.0	36.5	13.6	16.3	6.1	0.0
67.622	0.0	34.7	13.6	15.5	6.1	0.0
67.632	0.0	34.0	16.6	15.2	7.4	0.0
67.643	0.0	32.4	16.6	14.5	7.4	0.0
67.654	0.0	30.6	16.6	13.7	7.4	0.0
67.663	0.0	30.6	16.6	13.7	7.4	0.0
67.674	0.0	30.2	19.0	13.5	8.5	0.0
67.684	0.0	27.5	19.0	12.3	8.5	0.0
67.695	0.0	27.3	19.0	12.2	8.5	0.0
67.705	0.0	27.3	19.0	12.2	8.5	0.0
67.717	0.0	28.4	19.0	12.7	8.5	0.0
67.727	0.0	28.0	21.5	12.5	9.6	0.0
67.740	0.0	28.6	21.5	12.8	9.6	0.0
67.749	0.0	30.2	21.5	13.5	9.6	0.0
67.758	0.0	31.1	23.9	13.9	10.7	0.0
67.769	0.0	31.5	23.9	14.1	10.7	0.0
67.780	0.0	31.5	23.9	14.1	10.7	0.0
67.791	0.0	33.1	23.9	14.8	10.7	0.0
67.802	0.0	36.5	24.8	16.3	11.1	0.0
67.812	0.0	36.5	24.8	16.3	11.1	0.0
67.823	0.0	38.7	24.8	17.3	11.1	0.0
67.833	0.0	40.5	26.2	18.1	11.7	0.0
67.843	0.0	41.2	26.2	18.4	11.7	0.0
67.855	0.0	43.2	26.2	19.3	11.7	0.0
67.865	0.0	44.1	26.2	19.7	11.7	0.0
67.875	0.0	44.7	26.2	20.0	11.7	0.0
67.886	0.0	44.7	26.2	20.0	11.7	0.0
67.897	0.0	46.1	26.2	20.6	11.7	0.0
67.908	0.0	48.1	26.2	21.5	11.7	0.0
67.919	0.0	49.0	26.2	21.9	11.7	0.0
67.929	0.0	50.1	26.2	22.4	11.7	0.0
67.940	0.0	51.7	26.8	23.1	12.0	0.0
67.952	0.0	52.1	26.8	23.3	12.0	0.0
67.961	0.0	52.1	26.8	23.3	12.0	0.0
67.972	0.0	52.3	32.2	23.4	14.4	0.0
67.982	0.0	52.3	32.2	23.4	14.4	0.0
67.993	0.0	51.2	32.2	22.9	14.4	0.0
68.005	0.0	51.7	32.2	23.1	14.4	0.0
68.015	0.0	51.7	32.2	23.1	14.4	0.0
68.024	0.0	51.4	32.2	23.0	14.4	0.0
68.036	0.0	51.4	34.9	23.0	15.6	0.0
68.046	0.0	51.4	34.9	23.0	15.6	0.0
68.056	0.0	51.0	35.6	22.8	15.9	0.0
68.067	0.0	51.0	35.6	22.8	15.9	0.0
68.077	0.0	51.0	54.4	22.8	24.3	0.0
68.087	0.0	51.0	84.6	22.8	37.8	0.0
68.098	0.0	51.2	84.6	22.9	37.8	0.0
68.109	0.0	51.2	48.8	22.9	21.8	0.0
68.118	0.0	52.1	48.8	23.3	21.8	0.0
68.129	0.0	53.0	48.8	23.7	21.8	0.0
68.140	0.0	53.0	42.5	23.7	19.0	0.0
68.151	0.0	53.0	42.5	23.7	19.0	0.0
68.161	0.0	53.2	42.1	23.8	18.8	0.0
68.172	0.0	53.9	42.9	24.1	19.2	0.0
68.184	0.0	54.6	42.9	24.4	19.2	0.0
68.193	0.0	55.3	42.9	24.7	19.2	0.0
68.204	0.0	55.9	43.6	25.0	19.5	0.0
68.217	0.0	55.9	43.6	25.0	19.5	0.0
68.226	0.0	56.8	45.2	25.4	20.2	0.0
68.237	0.0	56.8	45.2	25.4	20.2	0.0
68.248	0.0	56.8	45.2	25.4	20.2	0.0
68.259	0.0	56.8	45.2	25.4	20.2	0.0
68.270	0.0	56.8	46.1	25.4	20.6	0.0
68.281	0.0	57.7	47.9	25.8	21.4	0.0
68.290	0.0	57.7	47.9	25.8	21.4	0.0
68.301	0.0	57.7	47.9	25.8	21.4	0.0
68.311	0.0	59.5	49.2	26.6	22.0	0.0
68.321	0.0	62.2	50.3	27.8	22.5	0.0
68.332	0.0	64.6	50.3	28.9	22.5	0.0
68.343	0.0	64.6	50.3	28.9	22.5	0.0
68.353	0.0	65.5	50.3	29.3	22.5	0.0
68.364	0.0	67.1	49.9	30.0	22.3	0.0
68.375	0.0	67.1	49.9	30.0	22.3	0.0
68.387	0.0	68.4	51.4	30.6	23.0	0.0
68.398	0.0	67.1	52.3	30.0	23.4	0.0
68.409	0.0	67.1	52.3	30.0	23.4	0.0
68.419	0.0	67.1	52.8	30.0	23.6	0.0
68.430	0.0	67.6	52.8	30.2	23.6	0.0
68.441	0.0	67.8	53.7	30.3	24.0	0.0
68.453	0.0	67.3	54.4	30.1	24.3	0.0
68.463	0.0	66.9	54.4	29.9	24.3	0.0
68.474	0.5	66.9	55.3	29.9	24.7	1.1
68.486	0.2	66.0	57.0	29.5	25.5	0.5
68.496	0.2	66.0	57.0	29.5	25.5	0.5
68.507	0.3	66.0	56.1	29.5	25.1	0.7
68.518	0.0	68.7	85.0	30.7	38.0	0.0
68.526	0.0	68.4	85.0	30.6	38.0	0.0
68.538	0.0	67.3	83.4	30.1	37.3	0.0
68.549	0.0	67.3	64.6	30.1	28.9	0.0
68.560	0.0	66.2	64.6	29.6	28.9	0.0
68.569	0.0	65.8	61.1	29.4	27.3	0.0
68.579	0.0	65.8	61.1	29.4	27.3	0.0
68.590	0.0	65.8	60.8	29.4	27.2	0.0
68.600	0.0	65.5	61.5	29.3	27.5	0.0
68.610	0.0	66.9	60.8	29.9	27.2	0.0
68.622	0.0	66.9	60.8	29.9	27.2	0.0
68.631	0.0	66.9	61.5	29.9	27.5	0.0
68.642	0.0	66.9	61.5	29.9	27.5	0.0
68.653	0.0	68.2	62.9	30.5	28.1	0.0
68.665	0.0	68.4	63.3	30.6	28.3	0.0
68.674	0.0	68.4	63.3	30.6	28.3	0.0
68.687	0.0	68.4	63.3	30.6	28.3	0.0
68.698	0.0	69.8	62.9	31.2	28.1	0.0
68.708	0.0	69.8	63.5	31.2	28.4	0.0
68.717	0.0	69.8	63.5	31.2	28.4	0.0
68.729	0.0	69.6	65.5	31.1	29.3	0.0
68.740	0.0	69.6	66.2	31.1	29.6	0.0
68.749	0.0	69.3	66.2	31.0	29.6	0.0
68.762	0.0	69.3	66.2	31.0	29.6	0.0
68.773	0.0	70.7	66.0	31.6	29.5	0.0
68.783	0.0	70.9	66.7	31.7	29.8	0.0
68.793	0.0	72.3	68.2	32.3	30.5	0.0
68.804	0.0	72.3	68.2	32.3	30.5	0.0
68.815	0.0	71.4	69.6	31.9	31.1	0.0
68.825	0.0	71.4	68.0	31.9	30.4	0.0
68.836	0.0	71.4	68.7	31.9	30.7	0.0
68.846	0.0	70.7	68.7	31.6	30.7	0.0
68.857	0.0	70.7	69.8	31.6	31.2	0.0
68.868	0.0	71.4	70.2	31.9	31.4	0.0
68.879	0.0	71.6	70.7	32.0	31.6	0.0
68.888	0.0	71.6	70.7	32.0	31.6	0.0
68.899	0.0	71.6	68.2	32.0	30.5	0.0
68.910	0.0	71.6	69.3	32.0	31.0	0.0
68.920	0.0	71.6	70.2	32.0	31.4	0.0
68.931	0.0	71.6	72.3	32.0	32.3	0.0
68.943	0.0	72.3	72.3	32.3	32.3	0.0
68.952	0.0	72.3	72.5	32.3	32.4	0.0
68.964	0.0	72.3	72.9	32.3	32.6	0.0
68.973	0.0	72.9	72.0	32.6	32.2	0.0
68.984	0.0	74.3	72.0	33.2	32.2	0.0
68.994	0.0	75.4	72.5	33.7	32.4	0.0
69.007	0.0	75.4	76.1	33.7	34.0	0.0
69.016	0.0	75.4	72.3	33.7	32.3	0.0
69.028	0.0	75.6	79.9	33.8	35.7	0.0
69.037	0.0	75.8	70.7	33.9	31.6	0.0
69.048	0.0	75.8	74.5	33.9	33.3	0.0
69.060	0.0	75.8	74.5	33.9	33.3	0.0
69.069	0.0	75.8	74.7	33.9	33.4	0.0
69.079	0.0	75.8	76.7	33.9	34.3	0.0
69.090	0.0	75.8	75.4	33.9	33.7	0.0
69.101	0.0	75.8	75.4	33.9	33.7	0.0
69.112	0.0	76.5	76.1	34.2	34.0	0.0
69.122	0.0	76.5	76.1	34.2	34.0	0.0
69.133	0.0	76.5	78.7	34.2	35.2	0.0
69.144	0.0	76.5	76.1	34.2	34.0	0.0
69.155	0.0	76.9	76.1	34.4	34.0	0.0
69.165	0.0	76.9	76.1	34.4	34.0	0.0
69.176	0.0	77.6	77.2	34.7	34.5	0.0
69.188	0.0	77.6	77.2	34.7	34.5	0.0
69.199	0.0	77.8	79.4	34.8	35.5	0.0
69.208	0.0	78.5	78.7	35.1	35.2	0.0
69.222	0.0	78.7	79.0	35.2	35.3	0.0
69.231	0.0	80.5	77.6	36.0	34.7	0.0
69.241	0.0	80.8	78.7	36.1	35.2	0.0
69.251	0.0	80.8	79.9	36.1	35.7	0.0
69.261	0.0	80.8	80.8	36.1	36.1	0.0
69.271	0.0	80.8	80.8	36.1	36.1	0.0
69.283	0.0	80.8	80.1	36.1	35.8	0.0
69.293	0.0	80.5	77.8	36.0	34.8	0.0
69.304	0.0	80.5	80.3	36.0	35.9	0.0
69.314	0.0	80.5	80.8	36.0	36.1	0.0
69.325	0.0	80.5	83.4	36.0	37.3	0.0
69.335	0.0	80.5	81.2	36.0	36.3	0.0
69.346	0.0	80.5	80.8	36.0	36.1	0.0
69.356	0.0	80.5	80.8	36.0	36.1	0.0
69.368	0.0	81.2	83.4	36.3	37.3	0.0
69.378	0.0	81.2	81.4	36.3	36.4	0.0
69.388	0.0	81.4	83.4	36.4	37.3	0.0
69.399	0.0	81.9	90.1	36.6	40.3	0.0
69.409	0.0	81.9	134.0	36.6	59.9	0.0
69.419	0.0	82.1	161.3	36.7	72.1	0.0
69.429	0.0	82.1	108.5	36.7	48.5	0.0
69.439	0.0	81.9	85.2	36.6	38.1	0.0
69.449	0.0	81.9	85.2	36.6	38.1	0.0
69.460	0.0	81.6	83.9	36.5	37.5	0.0
69.470	0.0	81.6	82.5	36.5	36.9	0.0
69.480	0.0	82.3	82.5	36.8	36.9	0.0
69.491	0.0	82.1	84.1	36.7	37.6	0.0
69.500	0.0	82.1	89.5	36.7	40.0	0.0
69.510	0.0	82.8	80.1	37.0	35.8	0.0
69.521	0.0	83.2	83.0	37.2	37.1	0.0
69.531	0.0	83.7	85.0	37.4	38.0	0.0
69.542	0.0	85.0	85.0	38.0	38.0	0.0
69.553	0.0	86.3	85.4	38.6	38.2	0.0
69.564	0.0	89.7	86.3	40.1	38.6	0.0
69.576	0.0	89.7	87.0	40.1	38.9	0.0
69.586	0.0	90.1	84.6	40.3	37.8	0.0
69.596	0.0	89.7	84.6	40.1	37.8	0.0
69.609	0.0	89.0	86.6	39.8	38.7	0.0
69.619	0.0	89.0	88.6	39.8	39.6	0.0
69.630	0.0	87.7	83.2	39.2	37.2	0.0
69.640	0.0	85.7	85.4	38.3	38.2	0.0
69.650	0.0	85.4	87.5	38.2	39.1	0.0
69.662	0.0	85.4	85.9	38.2	38.4	0.0
69.671	0.0	85.4	86.6	38.2	38.7	0.0
69.682	0.0	84.8	90.6	37.9	40.5	0.0
69.692	0.0	84.1	83.4	37.6	37.3	0.0
69.703	0.0	82.8	85.2	37.0	38.1	0.0
69.713	0.0	85.7	89.0	38.3	39.8	0.0
69.723	0.0	91.7	89.0	41.0	39.8	0.0
69.735	0.0	90.4	87.7	40.4	39.2	0.0
69.745	0.0	91.0	88.1	40.7	39.4	0.0
69.756	0.0	93.7	89.0	41.9	39.8	0.0
69.766	0.0	93.7	87.9	41.9	39.3	0.0
69.778	0.0	92.2	87.9	41.2	39.3	0.0
69.789	0.0	90.4	87.9	40.4	39.3	0.0
69.800	0.0	89.7	89.7	40.1	40.1	0.0
69.810	0.0	89.9	88.8	40.2	39.7	0.0
69.821	0.0	90.4	90.1	40.4	40.3	0.0
69.831	0.0	90.4	90.1	40.4	40.3	0.0
69.842	0.0	89.9	91.7	40.2	41.0	0.0
69.852	0.0	89.7	91.7	40.1	41.0	0.0
69.863	0.0	90.6	87.2	40.5	39.0	0.0
69.873	0.0	90.1	89.3	40.3	39.9	0.0
69.885	0.0	91.0	93.3	40.7	41.7	0.0
69.895	0.0	90.1	89.3	40.3	39.9	0.0
69.906	0.0	90.1	89.0	40.3	39.8	0.0
69.917	0.0	91.3	89.0	40.8	39.8	0.0
69.928	0.0	91.0	92.6	40.7	41.4	0.0
69.937	0.0	91.0	92.6	40.7	41.4	0.0
69.949	0.0	92.4	91.3	41.3	40.8	0.0
69.959	0.0	92.2	92.8	41.2	41.5	0.0
69.969	0.0	92.2	92.8	41.2	41.5	0.0
69.979	0.0	93.1	93.9	41.6	42.0	0.0
69.990	0.0	95.3	93.9	42.6	42.0	0.0
70.000	0.0	96.0	93.9	42.9	42.0	0.0
70.012	0.0	94.6	92.4	42.3	41.3	0.0
70.022	0.0	95.3	94.4	42.6	42.2	0.0
70.032	0.0	95.3	95.7	42.6	42.8	0.0
70.043	0.0	93.9	95.7	42.0	42.8	0.0
70.054	0.0	93.9	95.1	42.0	42.5	0.0
70.063	0.0	94.2	93.3	42.1	41.7	0.0
70.075	0.0	95.1	93.9	42.5	42.0	0.0
70.085	0.0	95.1	93.9	42.5	42.0	0.0
70.097	0.0	94.4	97.1	42.2	43.4	0.0
70.107	0.0	94.6	95.1	42.3	42.5	0.0
70.118	0.0	94.8	91.7	42.4	41.0	0.0
70.128	0.0	95.3	93.9	42.6	42.0	0.0
70.140	0.0	96.4	93.9	43.1	42.0	0.0
70.150	0.0	96.9	96.4	43.3	43.1	0.0
70.160	0.0	96.9	96.4	43.3	43.1	0.0
70.170	0.0	96.6	95.5	43.2	42.7	0.0
70.181	0.0	97.5	95.5	43.6	42.7	0.0
70.190	0.0	97.1	97.5	43.4	43.6	0.0
70.201	0.0	98.9	97.5	44.2	43.6	0.0
70.214	0.0	99.8	97.3	44.6	43.5	0.0
70.223	0.0	99.8	97.3	44.6	43.5	0.0
70.235	0.0	98.9	98.2	44.2	43.9	0.0
70.246	0.0	98.4	98.2	44.0	43.9	0.0
70.256	0.0	98.2	98.9	43.9	44.2	0.0
70.268	0.0	97.5	98.9	43.6	44.2	0.0
70.278	0.0	97.5	98.2	43.6	43.9	0.0
70.289	0.0	97.5	98.2	43.6	43.9	0.0
70.300	0.0	98.2	100.7	43.9	45.0	0.0
70.312	0.0	98.2	98.0	43.9	43.8	0.0
70.321	0.0	98.4	98.0	44.0	43.8	0.0
70.332	0.0	98.4	100.7	44.0	45.0	0.0
70.343	0.0	98.9	100.7	44.2	45.0	0.0
70.355	0.0	99.1	100.0	44.3	44.7	0.0
70.364	0.0	100.4	100.0	44.9	44.7	0.0
70.374	0.0	100.2	100.0	44.8	44.7	0.0
70.386	0.0	100.2	100.0	44.8	44.7	0.0
70.394	0.0	100.2	101.8	44.8	45.5	0.0
70.406	0.0	100.2	101.8	44.8	45.5	0.0
70.415	0.0	102.2	101.1	45.7	45.2	0.0
70.426	0.0	102.5	102.7	45.8	45.9	0.0
70.437	0.0	102.0	102.7	45.6	45.9	0.0
70.446	0.0	102.5	102.0	45.8	45.6	0.0
70.456	0.0	104.2	102.0	46.6	45.6	0.0
70.468	0.0	103.1	101.8	46.1	45.5	0.0
70.477	0.0	103.1	101.8	46.1	45.5	0.0
70.489	0.0	102.2	103.3	45.7	46.2	0.0
70.497	0.0	102.2	103.3	45.7	46.2	0.0
70.508	0.0	102.2	103.3	45.7	46.2	0.0
70.519	0.0	102.5	104.9	45.8	46.9	0.0
70.530	0.0	102.2	104.9	45.7	46.9	0.0
70.540	0.0	102.2	104.9	45.7	46.9	0.0
70.551	0.0	101.8	104.9	45.5	46.9	0.0
70.561	0.0	102.0	104.2	45.6	46.6	0.0
70.573	0.0	102.2	104.2	45.7	46.6	0.0
70.583	0.0	102.7	104.5	45.9	46.7	0.0
70.595	0.0	102.5	104.0	45.8	46.5	0.0
70.604	0.0	102.5	104.0	45.8	46.5	0.0
70.615	0.0	103.6	105.8	46.3	47.3	0.0
70.625	0.0	103.6	105.8	46.3	47.3	0.0
70.636	0.0	104.0	106.5	46.5	47.6	0.0
70.645	0.0	104.5	106.5	46.7	47.6	0.0
70.656	0.0	104.5	106.0	46.7	47.4	0.0
70.666	0.0	104.9	107.1	46.9	47.9	0.0
70.676	0.0	104.9	107.1	46.9	47.9	0.0
70.687	0.0	104.9	106.0	46.9	47.4	0.0
70.697	0.0	104.9	106.0	46.9	47.4	0.0
70.707	0.0	106.7	107.8	47.7	48.2	0.0
70.718	0.0	106.3	107.8	47.5	48.2	0.0
70.728	0.0	106.0	107.8	47.4	48.2	0.0
70.740	0.0	106.0	106.5	47.4	47.6	0.0
70.749	0.0	105.1	106.5	47.0	47.6	0.0
70.760	0.0	105.1	107.8	47.0	48.2	0.0
70.770	0.0	105.4	107.8	47.1	48.2	0.0
70.781	0.0	106.3	108.0	47.5	48.3	0.0
70.790	0.0	106.3	108.0	47.5	48.3	0.0
70.801	0.0	106.0	108.7	47.4	48.6	0.0
70.812	0.0	106.0	109.2	47.4	48.8	0.0
70.820	0.0	106.0	109.2	47.4	48.8	0.0
70.832	0.0	106.7	108.7	47.7	48.6	0.0
70.842	0.0	106.7	108.7	47.7	48.6	0.0
70.853	0.0	106.5	110.1	47.6	49.2	0.0
70.863	0.0	106.5	109.4	47.6	48.9	0.0
70.874	0.0	106.5	109.4	47.6	48.9	0.0
70.885	0.0	108.7	112.1	48.6	50.1	0.0
70.895	0.0	108.5	112.1	48.5	50.1	0.0
70.907	0.0	108.0	110.7	48.3	49.5	0.0
70.916	0.0	108.7	109.8	48.6	49.1	0.0
70.927	0.0	108.5	109.8	48.5	49.1	0.0
70.937	0.0	108.5	112.5	48.5	50.3	0.0
70.948	0.0	109.2	112.5	48.8	50.3	0.0
70.959	0.0	108.3	110.1	48.4	49.2	0.0
70.971	0.0	107.1	111.4	47.9	49.8	0.0
70.981	0.0	108.7	111.4	48.6	49.8	0.0
70.990	0.0	108.3	111.4	48.4	49.8	0.0
71.000	0.0	108.3	111.4	48.4	49.8	0.0
71.011	0.0	109.8	111.2	49.1	49.7	0.0
71.020	0.0	109.8	113.0	49.1	50.5	0.0
71.032	0.0	110.5	113.0	49.4	50.5	0.0
71.041	0.0	110.3	111.8	49.3	50.0	0.0
71.054	0.0	110.3	111.8	49.3	50.0	0.0
71.065	0.0	110.3	112.3	49.3	50.2	0.0
71.075	0.0	110.1	113.0	49.2	50.5	0.0
71.084	0.0	110.5	113.0	49.4	50.5	0.0
71.095	0.0	111.4	112.7	49.8	50.4	0.0
71.105	0.0	110.7	114.8	49.5	51.3	0.0
71.116	0.0	111.8	114.8	50.0	51.3	0.0
71.127	0.0	111.2	113.6	49.7	50.8	0.0
71.138	0.0	111.2	113.6	49.7	50.8	0.0
71.149	0.0	111.2	115.0	49.7	51.4	0.0
71.159	0.0	111.2	114.3	49.7	51.1	0.0
71.169	0.0	111.4	114.3	49.8	51.1	0.0
71.180	0.0	111.4	114.3	49.8	51.1	0.0
71.190	0.0	111.2	117.0	49.7	52.3	0.0
71.201	0.0	111.8	117.0	50.0	52.3	0.0
71.213	0.0	111.6	114.8	49.9	51.3	0.0
71.223	0.0	111.6	114.8	49.9	51.3	0.0
71.234	0.0	111.6	115.2	49.9	51.5	0.0
71.244	0.0	111.6	116.3	49.9	52.0	0.0
71.254	0.0	111.8	116.3	50.0	52.0	0.0
71.265	0.0	112.3	115.4	50.2	51.6	0.0
71.275	0.0	113.2	116.5	50.6	52.1	0.0
71.285	0.0	113.0	116.5	50.5	52.1	0.0
71.296	0.0	113.0	115.9	50.5	51.8	0.0
71.306	0.0	113.6	117.9	50.8	52.7	0.0
71.319	0.0	113.6	117.9	50.8	52.7	0.0
71.328	0.0	113.9	117.7	50.9	52.6	0.0
71.339	0.0	114.5	117.0	51.2	52.3	0.0
71.349	0.0	114.5	117.0	51.2	52.3	0.0
71.361	0.0	114.8	117.7	51.3	52.6	0.0
71.371	0.0	113.2	117.7	50.6	52.6	0.0
71.383	0.0	113.6	116.3	50.8	52.0	0.0
71.393	0.0	114.5	118.3	51.2	52.9	0.0
71.405	0.0	115.0	119.2	51.4	53.3	0.0
71.415	0.0	115.0	119.2	51.4	53.3	0.0
71.425	0.0	115.0	117.7	51.4	52.6	0.0
71.435	0.0	116.3	117.7	52.0	52.6	0.0
71.446	0.0	116.3	119.9	52.0	53.6	0.0
71.456	0.0	116.1	119.0	51.9	53.2	0.0
71.465	0.0	114.3	119.0	51.1	53.2	0.0
71.477	0.0	114.8	119.0	51.3	53.2	0.0
71.486	0.0	114.8	120.3	51.3	53.8	0.0
71.498	0.0	114.3	120.3	51.1	53.8	0.0
71.509	0.0	115.0	161.1	51.4	72.0	0.0
71.520	0.0	115.9	130.6	51.8	58.4	0.0
71.530	0.0	116.5	130.6	52.1	58.4	0.0
71.541	0.0	116.3	122.1	52.0	54.6	0.0
71.551	0.0	117.2	120.6	52.4	53.9	0.0
71.561	0.0	117.2	120.6	52.4	53.9	0.0
71.572	0.0	118.1	120.6	52.8	53.9	0.0
71.581	0.0	118.8	120.6	53.1	53.9	0.0
71.593	0.0	118.8	120.8	53.1	54.0	0.0
71.603	0.0	118.8	122.4	53.1	54.7	0.0
71.614	0.0	119.0	119.7	53.2	53.5	0.0
71.624	0.0	119.2	119.7	53.3	53.5	0.0
71.636	0.0	117.7	120.3	52.6	53.8	0.0
71.646	0.0	117.7	120.3	52.6	53.8	0.0
71.656	0.0	117.7	120.6	52.6	53.9	0.0
71.667	0.0	117.7	120.8	52.6	54.0	0.0
71.677	0.0	118.1	120.8	52.8	54.0	0.0
71.688	0.0	118.3	123.3	52.9	55.1	0.0
71.700	0.0	118.1	122.4	52.8	54.7	0.0
71.709	0.0	118.8	122.4	53.1	54.7	0.0
71.720	0.0	118.8	122.4	53.1	54.7	0.0
71.730	0.0	118.8	123.5	53.1	55.2	0.0
71.742	0.0	118.3	121.2	52.9	54.2	0.0
71.752	0.0	118.8	121.2	53.1	54.2	0.0
71.764	0.0	119.5	123.3	53.4	55.1	0.0
71.774	0.0	119.5	122.8	53.4	54.9	0.0
71.786	0.0	120.8	122.8	54.0	54.9	0.0
71.796	0.0	121.7	125.0	54.4	55.9	0.0
71.806	0.0	121.7	124.4	54.4	55.6	0.0
71.817	0.0	122.4	124.4	54.7	55.6	0.0
71.828	0.0	121.9	123.0	54.5	55.0	0.0
71.838	0.0	121.9	124.4	54.5	55.6	0.0
71.847	0.0	121.9	124.4	54.5	55.6	0.0
71.858	0.0	120.6	123.0	53.9	55.0	0.0
71.869	0.0	120.6	123.7	53.9	55.3	0.0
71.878	0.0	121.2	123.7	54.2	55.3	0.0
71.890	0.0	121.2	125.3	54.2	56.0	0.0
71.900	0.0	124.6	123.9	55.7	55.4	0.0
71.910	0.0	124.6	123.9	55.7	55.4	0.0
71.922	0.0	125.5	126.6	56.1	56.6	0.0
71.931	0.0	123.3	123.9	55.1	55.4	0.0
71.943	0.0	121.5	125.3	54.3	56.0	0.0
71.953	0.0	121.2	125.3	54.2	56.0	0.0
71.965	0.0	121.2	126.8	54.2	56.7	0.0
71.974	0.0	120.8	125.5	54.0	56.1	0.0
71.984	0.0	120.8	125.5	54.0	56.1	0.0
71.995	0.0	120.8	128.8	54.0	57.6	0.0
72.005	0.0	120.1	124.1	53.7	55.5	0.0
72.015	0.0	120.6	124.1	53.9	55.5	0.0
72.025	0.0	120.6	125.9	53.9	56.3	0.0
72.037	0.0	121.9	126.2	54.5	56.4	0.0
72.046	0.0	120.3	126.2	53.8	56.4	0.0
72.058	0.0	121.7	127.5	54.4	57.0	0.0
72.068	0.0	122.8	130.4	54.9	58.3	0.0
72.080	0.0	122.8	130.4	54.9	58.3	0.0
72.090	0.0	122.6	126.4	54.8	56.5	0.0
72.100	0.0	122.6	141.8	54.8	63.4	0.0
72.112	0.0	122.1	162.6	54.6	72.7	0.0
72.122	0.0	121.9	162.6	54.5	72.7	0.0
72.134	0.0	121.7	134.4	54.4	60.1	0.0
72.142	0.0	123.7	129.7	55.3	58.0	0.0
72.155	0.0	123.3	129.7	55.1	58.0	0.0
72.165	0.0	123.3	127.5	55.1	57.0	0.0
72.176	0.0	123.3	128.4	55.1	57.4	0.0
72.186	0.0	124.4	128.6	55.6	57.5	0.0
72.196	0.0	126.4	128.6	56.5	57.5	0.0
72.207	0.0	124.8	126.4	55.8	56.5	0.0
72.219	0.0	124.8	128.8	55.8	57.6	0.0
72.229	0.0	124.8	128.8	55.8	57.6	0.0
72.241	0.0	124.1	128.0	55.5	57.2	0.0
72.250	0.0	124.1	130.0	55.5	58.1	0.0
72.261	0.0	124.1	130.0	55.5	58.1	0.0
72.272	0.0	122.6	129.3	54.8	57.8	0.0
72.281	0.0	123.9	128.6	55.4	57.5	0.0
72.293	0.0	123.7	131.3	55.3	58.7	0.0
72.302	0.0	123.7	131.3	55.3	58.7	0.0
72.313	0.0	123.9	128.2	55.4	57.3	0.0
72.322	0.0	123.9	128.2	55.4	57.3	0.0
72.333	0.0	122.4	128.8	54.7	57.6	0.0
72.344	0.0	119.9	129.5	53.6	57.9	0.0
72.354	0.0	120.3	128.8	53.8	57.6	0.0
72.363	0.0	120.3	128.8	53.8	57.6	0.0
72.374	0.0	119.9	130.2	53.6	58.2	0.0
72.384	0.0	119.9	127.5	53.6	57.0	0.0
72.396	0.0	120.1	127.5	53.7	57.0	0.0
72.405	0.0	120.1	129.1	53.7	57.7	0.0
72.415	0.0	119.9	129.5	53.6	57.9	0.0
72.426	0.0	119.9	128.4	53.6	57.4	0.0
72.436	0.0	118.6	128.4	53.0	57.4	0.0
72.445	0.0	118.6	130.0	53.0	58.1	0.0
72.455	0.0	120.1	130.0	53.7	58.1	0.0
72.466	0.0	118.6	130.0	53.0	58.1	0.0
72.477	0.0	118.6	131.1	53.0	58.6	0.0
72.487	0.0	118.6	129.5	53.0	57.9	0.0
72.497	0.0	119.0	129.5	53.2	57.9	0.0
72.507	0.0	118.6	129.1	53.0	57.7	0.0
72.517	0.0	119.0	131.8	53.2	58.9	0.0
72.529	0.0	120.1	131.8	53.7	58.9	0.0
72.538	0.0	119.7	127.7	53.5	57.1	0.0
72.549	0.0	119.7	129.1	53.5	57.7	0.0
72.559	0.0	119.2	129.1	53.3	57.7	0.0
72.570	0.0	117.9	129.1	52.7	57.7	0.0
72.581	0.0	117.9	128.6	52.7	57.5	0.0
72.591	0.0	117.9	134.2	52.7	60.0	0.0
72.602	0.0	118.8	134.2	53.1	60.0	0.0
72.613	0.0	118.6	125.5	53.0	56.1	0.0
72.624	0.0	117.7	127.5	52.6	57.0	0.0
MARK 000						
